Datetime,Water Level (m)
2025-05-17 12:00:00,0.4498073
2025-05-17 13:00:00,0.5069509
2025-05-17 14:00:00,0.5109327
2025-05-17 15:00:00,0.4507282
2025-05-17 16:00:00,0.34862432
2025-05-17 17:00:00,0.22769397
2025-05-17 18:00:00,0.10673068
2025-05-17 19:00:00,0.029036071
2025-05-17 20:00:00,0.042749032
2025-05-17 21:00:00,0.0993609
2025-05-17 22:00:00,0.18337601
2025-05-17 23:00:00,0.27529314
2025-05-18 00:00:00,0.3234592
2025-05-18 01:00:00,0.31730956
2025-05-18 02:00:00,0.26921904
2025-05-18 03:00:00,0.18253532
2025-05-18 04:00:00,0.08665022
2025-05-18 05:00:00,-0.0155150825
2025-05-18 06:00:00,-0.10671914
2025-05-18 07:00:00,-0.13199095
2025-05-18 08:00:00,-0.068872295
2025-05-18 09:00:00,0.04201078
2025-05-18 10:00:00,0.21115898
2025-05-18 11:00:00,0.37838063
2025-05-18 12:00:00,0.52455634
2025-05-18 13:00:00,0.6235821
2025-05-18 14:00:00,0.6456745
2025-05-18 15:00:00,0.6220774
2025-05-18 16:00:00,0.54473495
2025-05-18 17:00:00,0.43851072
2025-05-18 18:00:00,0.31756896
2025-05-18 19:00:00,0.18910247
2025-05-18 20:00:00,0.11035793
2025-05-18 21:00:00,0.10024985
2025-05-18 22:00:00,0.12920786
2025-05-18 23:00:00,0.18184695
2025-05-19 00:00:00,0.23664775
2025-05-19 01:00:00,0.26635545
2025-05-19 02:00:00,0.25809035
2025-05-19 03:00:00,0.21877418
2025-05-19 04:00:00,0.15362738
2025-05-19 05:00:00,0.07431808
2025-05-19 06:00:00,-0.013321323
2025-05-19 07:00:00,-0.080845565
2025-05-19 08:00:00,-0.08219114
2025-05-19 09:00:00,-0.012006238
2025-05-19 10:00:00,0.101891756
2025-05-19 11:00:00,0.2485836
2025-05-19 12:00:00,0.4105865
2025-05-19 13:00:00,0.52536315
2025-05-19 14:00:00,0.5942252
2025-05-19 15:00:00,0.59454507
2025-05-19 16:00:00,0.55861694
2025-05-19 17:00:00,0.48282263
2025-05-19 18:00:00,0.38370785
2025-05-19 19:00:00,0.26950306
2025-05-19 20:00:00,0.15911978
2025-05-19 21:00:00,0.09504726
2025-05-19 22:00:00,0.09806814
2025-05-19 23:00:00,0.13635041
2025-05-20 00:00:00,0.20122696
2025-05-20 01:00:00,0.26950705
2025-05-20 02:00:00,0.31826332
2025-05-20 03:00:00,0.3306209
2025-05-20 04:00:00,0.31430143
2025-05-20 05:00:00,0.26828364
2025-05-20 06:00:00,0.20483984
2025-05-20 07:00:00,0.13244799
2025-05-20 08:00:00,0.0687102
2025-05-20 09:00:00,0.054920536
2025-05-20 10:00:00,0.12329334
2025-05-20 11:00:00,0.21520035
2025-05-20 12:00:00,0.35875404
2025-05-20 13:00:00,0.49200702
2025-05-20 14:00:00,0.5976747
2025-05-20 15:00:00,0.65131485
2025-05-20 16:00:00,0.6448607
2025-05-20 17:00:00,0.6055595
2025-05-20 18:00:00,0.5314325
2025-05-20 19:00:00,0.43216854
2025-05-20 20:00:00,0.31843808
2025-05-20 21:00:00,0.19404002
2025-05-20 22:00:00,0.11434668
2025-05-20 23:00:00,0.099270724
2025-05-21 00:00:00,0.13196741
2025-05-21 01:00:00,0.20013195
2025-05-21 02:00:00,0.2791341
2025-05-21 03:00:00,0.34762985
2025-05-21 04:00:00,0.38129595
2025-05-21 05:00:00,0.38446045
2025-05-21 06:00:00,0.35273093
2025-05-21 07:00:00,0.2931275
2025-05-21 08:00:00,0.20807002
2025-05-21 09:00:00,0.12951778
2025-05-21 10:00:00,0.081550375
2025-05-21 11:00:00,0.11583214
2025-05-21 12:00:00,0.19467932
2025-05-21 13:00:00,0.31298694
2025-05-21 14:00:00,0.45317546
2025-05-21 15:00:00,0.5534555
2025-05-21 16:00:00,0.6159895
2025-05-21 17:00:00,0.6119555
2025-05-21 18:00:00,0.5683577
2025-05-21 19:00:00,0.49151337
2025-05-21 20:00:00,0.3880201
2025-05-21 21:00:00,0.26471257
2025-05-21 22:00:00,0.13961408
2025-05-21 23:00:00,0.046525832
2025-05-22 00:00:00,0.032800656
2025-05-22 01:00:00,0.09200193
2025-05-22 02:00:00,0.17544281
2025-05-22 03:00:00,0.29286528
2025-05-22 04:00:00,0.39908415
2025-05-22 05:00:00,0.4613921
2025-05-22 06:00:00,0.48388252
2025-05-22 07:00:00,0.45792478
2025-05-22 08:00:00,0.39694524
2025-05-22 09:00:00,0.30948362
2025-05-22 10:00:00,0.2028351
2025-05-22 11:00:00,0.11995054
2025-05-22 12:00:00,0.115362704
2025-05-22 13:00:00,0.1725275
2025-05-22 14:00:00,0.26561818
2025-05-22 15:00:00,0.40437713
2025-05-22 16:00:00,0.5110285
2025-05-22 17:00:00,0.58185613
2025-05-22 18:00:00,0.5872878
2025-05-22 19:00:00,0.5459439
2025-05-22 20:00:00,0.46636245
2025-05-22 21:00:00,0.36007336
2025-05-22 22:00:00,0.23540802
2025-05-22 23:00:00,0.10307384
2025-05-23 00:00:00,-0.0043306598
2025-05-23 01:00:00,-0.010240316
2025-05-23 02:00:00,0.06418293
2025-05-23 03:00:00,0.17580213
2025-05-23 04:00:00,0.3216218
2025-05-23 05:00:00,0.46213
2025-05-23 06:00:00,0.55256826
2025-05-23 07:00:00,0.59269464
2025-05-23 08:00:00,0.5786
2025-05-23 09:00:00,0.5170309
2025-05-23 10:00:00,0.42371
2025-05-23 11:00:00,0.3082164
2025-05-23 12:00:00,0.1810587
